time,x,y,z,phi,theta,psi,x_velocity,y_velocity,z_velocity,x_accel,y_accel,z_accel,phi_velocity,theta_velocity,psi_velocity,rotor_speed1,rotor_speed2,rotor_speed3,rotor_speed4,reward
0.0,0.0,0.0,0.0,0.0,0.0,0.0,0.0,0.0,0.0,0.0,0.0,0.0,0.0,0.0,0.0,407.78473,407.5872,408.2975,407.93893,0
0.06,2.6777419717804552e-08,-4.462028868386232e-08,0.0003489992504058031,6.283107638206385,6.283141895563606,0.0,2.786444886741282e-06,-4.82091131840532e-06,0.01163312116524102,0.00014203981721108477,-0.00025001762717074324,0.19387808783294555,-0.0040181987419643265,-0.0022114534426945403,0.0,202.12256,200.32088,202.01674,201.42079,-14.999837155084581
