time,x,y,z,phi,theta,psi,x_velocity,y_velocity,z_velocity,x_accel,y_accel,z_accel,phi_velocity,theta_velocity,psi_velocity,rotor_speed1,rotor_speed2,rotor_speed3,rotor_speed4,reward
0.0,0.0,0.0,0.0,0.0,0.0,0.0,0.0,0.0,0.0,0.0,0.0,0.0,0.0,0.0,0.0,404.49854,404.3348,405.0561,404.64084,0
0.06,2.205536956917323e-08,-4.8934178663750744e-08,6.149399679069843e-05,6.283096536465855,6.283149495809244,0.0,2.2778449132461908e-06,-5.359538464793505e-06,0.002049772763101485,0.00011569994457053123,-0.00027962993820013606,0.03416185363972023,-0.004616348320612329,-0.001818215832728665,0.0,200.83456,199.20218,200.70609,200.00578,-14.99997132479849
