time,x,y,z,phi,theta,psi,x_velocity,y_velocity,z_velocity,x_accel,y_accel,z_accel,phi_velocity,theta_velocity,psi_velocity,rotor_speed1,rotor_speed2,rotor_speed3,rotor_speed4,reward
0.0,0.0,0.0,0.0,0.0,0.0,0.0,0.0,0.0,0.0,0.0,0.0,0.0,0.0,0.0,0.0,414.26468,414.0245,414.6897,414.43942,0
0.06,3.3312533633486666e-08,-3.4556420091063834e-08,0.0009231843185056768,6.283129681402379,6.283131926978534,0.0,3.502358778513893e-06,-3.6418199697056178e-06,0.030772138804926644,0.00017939557430482532,-0.00018674544750026174,0.5128420726975393,-0.0028490835392202675,-0.0027313226972055034,0.0,219.3883,217.6538,219.43214,218.88666,-14.99956919906646
