time,x,y,z,phi,theta,psi,x_velocity,y_velocity,z_velocity,x_accel,y_accel,z_accel,phi_velocity,theta_velocity,psi_velocity,rotor_speed1,rotor_speed2,rotor_speed3,rotor_speed4,reward
0.0,0.0,0.0,0.0,0.0,0.0,0.0,0.0,0.0,0.0,0.0,0.0,0.0,0.0,0.0,0.0,420.97894,420.71997,421.29285,421.17285,0
0.06,3.7225569732038415e-08,-1.858304045987268e-08,0.0015277010583932117,6.2831578701824355,6.283126947364785,0.0,3.934673214814116e-06,-1.9039272529417514e-06,0.050921949126359306,0.00020203656678096263,-9.633694282094967e-05,0.8486412275370573,-0.0013879823160743818,-0.00299278989330761,0.0,227.87256,225.73709,228.02046,228.27501,-14.99928708485392
