time,x,y,z,phi,theta,psi,x_velocity,y_velocity,z_velocity,x_accel,y_accel,z_accel,phi_velocity,theta_velocity,psi_velocity,rotor_speed1,rotor_speed2,rotor_speed3,rotor_speed4,reward
0.0,0.0,0.0,0.0,0.0,0.0,0.0,0.0,0.0,0.0,0.0,0.0,0.0,0.0,0.0,0.0,423.96353,423.6993,424.21634,424.157,0
0.06,3.863826006566448e-08,-9.672020953878547e-09,0.0017991198148749092,6.28317156679638,6.28312538476559,0.0,4.090936158001383e-06,-9.786709925103582e-07,0.059968826137956344,0.00021022456168594256,-4.922027205358049e-05,0.9994051375554364,-0.0006910387687237055,-0.003075085981676609,0.0,246.03828,243.86578,245.9698,246.62119,-14.999160419047737
