time,x,y,z,phi,theta,psi,x_velocity,y_velocity,z_velocity,x_accel,y_accel,z_accel,phi_velocity,theta_velocity,psi_velocity,rotor_speed1,rotor_speed2,rotor_speed3,rotor_speed4,reward
0.0,0.0,0.0,0.0,0.0,0.0,0.0,0.0,0.0,0.0,0.0,0.0,0.0,0.0,0.0,0.0,407.98944,407.7888,408.49738,408.14453,0
0.06,2.719504585052776e-08,-4.411205700994104e-08,0.00036692183775354783,6.28310879555838,6.283141202992557,0.0,2.831883866086712e-06,-4.759446594594417e-06,0.01223052894054543,0.00014440367533018403,-0.00024667835206972863,0.20383441568307198,-0.003956209191976581,-0.0022474202303113724,0.0,203.71143,201.8953,203.59294,202.98027,-14.999828791128738
