time,x,y,z,phi,theta,psi,x_velocity,y_velocity,z_velocity,x_accel,y_accel,z_accel,phi_velocity,theta_velocity,psi_velocity,rotor_speed1,rotor_speed2,rotor_speed3,rotor_speed4,reward
0.0,0.0,0.0,0.0,0.0,0.0,0.0,0.0,0.0,0.0,0.0,0.0,0.0,0.0,0.0,0.0,406.22318,406.03842,406.75378,406.37195,0
0.06,2.4930321567505036e-08,-4.6401550238926e-08,0.00021194959735743604,6.283103083293845,6.28314480862792,0.0,2.5866755576625978e-06,-5.040993484297693e-06,0.0070648825700651945,0.00013167486290593226,-0.000262070635725012,0.1177440514680145,-0.004262835965309061,-0.0020604156794892512,0.0,202.44937,200.69838,202.30113,201.65457,-14.999901111924075
