time,x,y,z,phi,theta,psi,x_velocity,y_velocity,z_velocity,x_accel,y_accel,z_accel,phi_velocity,theta_velocity,psi_velocity,rotor_speed1,rotor_speed2,rotor_speed3,rotor_speed4,reward
0.0,0.0,0.0,0.0,0.0,0.0,0.0,0.0,0.0,0.0,0.0,0.0,0.0,0.0,0.0,0.0,417.15088,416.90314,417.53818,417.33572,0
0.06,3.490928566423504e-08,-2.9252452019883534e-08,0.0011821379028451415,6.283139793889539,6.283129911591935,0.0,3.678103349752053e-06,-3.0504882398496893e-06,0.03940363448038996,0.0001885845370708164,-0.00015565548793901787,0.6566883450580161,-0.0023206695575602176,-0.002837001622871668,0.0,224.72119,222.84378,224.80095,224.58064,-14.999448351850651
