time,x,y,z,phi,theta,psi,x_velocity,y_velocity,z_velocity,x_accel,y_accel,z_accel,phi_velocity,theta_velocity,psi_velocity,rotor_speed1,rotor_speed2,rotor_speed3,rotor_speed4,reward
0.0,0.0,0.0,0.0,0.0,0.0,0.0,0.0,0.0,0.0,0.0,0.0,0.0,0.0,0.0,0.0,427.06918,426.80554,427.26758,427.26785,0
0.06,3.937497712383967e-08,4.7126501375469164e-11,0.002084052450951347,6.444783817727284e-08,6.283125086202048,0.0,4.17029824488433e-06,4.712397252086661e-09,0.06946609237905113,0.00021433492555672563,2.3561354046782668e-07,1.1576723721206512,3.2224979774129902e-06,-0.003090824531498118,0.0,296.56674,294.83786,297.5484,298.17148,-14.999027446122945
