time,x,y,z,phi,theta,psi,x_velocity,y_velocity,z_velocity,x_accel,y_accel,z_accel,phi_velocity,theta_velocity,psi_velocity,rotor_speed1,rotor_speed2,rotor_speed3,rotor_speed4,reward
0.0,0.0,0.0,0.0,0.0,0.0,0.0,0.0,0.0,0.0,0.0,0.0,0.0,0.0,0.0,0.0,414.41583,414.17477,414.8365,414.5921,0
0.06,3.3454298723408984e-08,-3.388531670515797e-08,0.0009366593662399857,6.283130940229311,6.283131715837833,0.0,3.5180491829618346e-06,-3.566306908497862e-06,0.031221293050346478,0.00018021794191361512,-0.0001827597263744447,0.5203274009340718,-0.0027830393626283307,-0.002742384892904368,0.0,219.48622,217.74245,219.56038,219.04988,-14.999562910491711
