time,x,y,z,phi,theta,psi,x_velocity,y_velocity,z_velocity,x_accel,y_accel,z_accel,phi_velocity,theta_velocity,psi_velocity,rotor_speed1,rotor_speed2,rotor_speed3,rotor_speed4,reward
0.0,0.0,0.0,0.0,0.0,0.0,0.0,0.0,0.0,0.0,0.0,0.0,0.0,0.0,0.0,0.0,410.0959,409.87878,410.57474,410.25754,0
0.06,2.961018507841102e-08,-4.103613414087092e-08,0.000552604503795714,6.283115944610696,6.283137422126607,0.0,3.0953042846272263e-06,-4.3908737704137935e-06,0.018419816250349025,0.00015812235865101442,-0.00022672519742885727,0.30698380243958456,-0.0035748045252608444,-0.002444165646567245,0.0,210.87642,208.9984,210.7402,210.04118,-14.999742138462704
