time,x,y,z,phi,theta,psi,x_velocity,y_velocity,z_velocity,x_accel,y_accel,z_accel,phi_velocity,theta_velocity,psi_velocity,rotor_speed1,rotor_speed2,rotor_speed3,rotor_speed4,reward
0.0,0.0,0.0,0.0,0.0,0.0,0.0,0.0,0.0,0.0,0.0,0.0,0.0,0.0,0.0,0.0,406.7176,406.52972,407.24423,406.8681,0
0.06,2.539954633277103e-08,-4.6010861358212496e-08,0.00025534346046683713,6.2831041728329975,6.283144089343914,0.0,2.6372509304796047e-06,-4.991923738330509e-06,0.008511319694049758,0.0001342949539540428,-0.0002593671269792569,0.14185035936156865,-0.00420422100198267,-0.0020976728090490913,0.0,201.52824,199.75784,201.3959,200.7805,-14.999880861373637
