time,x,y,z,phi,theta,psi,x_velocity,y_velocity,z_velocity,x_accel,y_accel,z_accel,phi_velocity,theta_velocity,psi_velocity,rotor_speed1,rotor_speed2,rotor_speed3,rotor_speed4,reward
0.0,0.0,0.0,0.0,0.0,0.0,0.0,0.0,0.0,0.0,0.0,0.0,0.0,0.0,0.0,0.0,427.7502,427.48645,427.94092,427.94916,0
0.06,3.956954423208319e-08,1.4260816642420988e-09,0.0021468837778424506,1.938010690594183e-06,6.283124965504328,0.0,4.1914584570656425e-06,1.4237896761580203e-07,0.07156035499512488,0.0002154355236997152,7.1132184105799054e-06,1.1925719039420442,9.68281796266128e-05,-0.0030971880743161867,0.0,298.09238,296.36902,299.0519,299.6926,-14.99899812491638
