time,x,y,z,phi,theta,psi,x_velocity,y_velocity,z_velocity,x_accel,y_accel,z_accel,phi_velocity,theta_velocity,psi_velocity,rotor_speed1,rotor_speed2,rotor_speed3,rotor_speed4,reward
0.0,0.0,0.0,0.0,0.0,0.0,0.0,0.0,0.0,0.0,0.0,0.0,0.0,0.0,0.0,0.0,417.27502,417.0265,417.65686,417.46082,0
0.06,3.503565992886905e-08,-2.84466210291616e-08,0.0011932307804170626,6.283141194471543,6.283129722394408,0.0,3.692164439182107e-06,-2.962239254028987e-06,0.03977338362566398,0.00018932318311648538,-0.00015105139147927,0.6628502738150428,-0.0022478651137162573,-0.002846932387075449,0.0,225.46045,223.56308,225.52733,225.3464,-14.999443174913846
