time,x,y,z,phi,theta,psi,x_velocity,y_velocity,z_velocity,x_accel,y_accel,z_accel,phi_velocity,theta_velocity,psi_velocity,rotor_speed1,rotor_speed2,rotor_speed3,rotor_speed4,reward
0.0,0.0,0.0,0.0,0.0,0.0,0.0,0.0,0.0,0.0,0.0,0.0,0.0,0.0,0.0,0.0,425.8205,425.55618,426.0467,426.01642,0
0.06,3.913336296314194e-08,-5.072609021378811e-09,0.001969352164665532,6.283178245244663,6.283125108859727,0.0,4.144605470489784e-06,-5.102997225951301e-07,0.06564295256527007,0.00021301200287887894,-2.5590956641187725e-05,1.0939619250375476,-0.00035416288673146775,-0.0030896296716916597,0.0,254.74585,252.53,254.59634,255.2993,-14.999080975060686
