time,x,y,z,phi,theta,psi,x_velocity,y_velocity,z_velocity,x_accel,y_accel,z_accel,phi_velocity,theta_velocity,psi_velocity,rotor_speed1,rotor_speed2,rotor_speed3,rotor_speed4,reward
0.0,0.0,0.0,0.0,0.0,0.0,0.0,0.0,0.0,0.0,0.0,0.0,0.0,0.0,0.0,0.0,409.25702,409.04495,409.74454,409.41632,0
0.06,2.8828980583275917e-08,-4.196142921799281e-08,0.0004784522676535318,6.283113753442702,6.28313860373045,0.0,3.009985091192892e-06,-4.501205289010576e-06,0.01594813167260582,0.0001536764303812771,-0.0002326868236308112,0.2657913367264784,-0.0036914296055459202,-0.00238260616269819,0.0,208.52576,206.65376,208.38554,207.70467,-14.99977674310676
