time,x,y,z,phi,theta,psi,x_velocity,y_velocity,z_velocity,x_accel,y_accel,z_accel,phi_velocity,theta_velocity,psi_velocity,rotor_speed1,rotor_speed2,rotor_speed3,rotor_speed4,reward
0.0,0.0,0.0,0.0,0.0,0.0,0.0,0.0,0.0,0.0,0.0,0.0,0.0,0.0,0.0,0.0,421.71872,421.45724,422.01877,421.91104,0
0.06,3.7721282297264295e-08,-1.6874185055664893e-08,0.0015947670230475072,6.283160603406182,6.283126297297301,0.0,3.989881727429065e-06,-1.7244466416744708e-06,0.05315738333189758,0.0002049379238140191,-8.714803548642309e-05,0.8858943700607966,-0.001248243824496074,-0.0030270118463812923,0.0,231.28438,229.16054,231.46211,231.77623,-14.999255786694103
