time,x,y,z,phi,theta,psi,x_velocity,y_velocity,z_velocity,x_accel,y_accel,z_accel,phi_velocity,theta_velocity,psi_velocity,rotor_speed1,rotor_speed2,rotor_speed3,rotor_speed4,reward
0.0,0.0,0.0,0.0,0.0,0.0,0.0,0.0,0.0,0.0,0.0,0.0,0.0,0.0,0.0,0.0,425.59976,425.33554,425.83304,425.79526,0
0.06,3.906431394032821e-08,-6.2973821276589546e-09,0.0019491671269965686,6.283176504946438,6.283125159534901,0.0,4.137063393783786e-06,-6.344613739308671e-07,0.0649701528052297,0.00021261896968296343,-3.184114772566764e-05,1.0827500608487703,-0.00044176390970227333,-0.0030869582154141135,0.0,253.4419,251.23018,253.30312,253.98763,-14.999090395213447
