time,x,y,z,phi,theta,psi,x_velocity,y_velocity,z_velocity,x_accel,y_accel,z_accel,phi_velocity,theta_velocity,psi_velocity,rotor_speed1,rotor_speed2,rotor_speed3,rotor_speed4,reward
0.0,0.0,0.0,0.0,0.0,0.0,0.0,0.0,0.0,0.0,0.0,0.0,0.0,0.0,0.0,0.0,430.05045,429.7904,430.19763,430.25177,0
0.06,3.969384329994175e-08,9.735374250800314e-09,0.0023595605422225274,1.2859133667220135e-05,6.283125483025682,0.0,4.2022495864835316e-06,9.634298884650697e-07,0.07864917189762079,0.0002159341107364105,4.791880600787945e-05,1.310701603281871,0.0006395853785723351,-0.0030699094911874336,0.0,308.24106,306.7019,309.05518,309.78336,-14.99889887689909
