time,x,y,z,phi,theta,psi,x_velocity,y_velocity,z_velocity,x_accel,y_accel,z_accel,phi_velocity,theta_velocity,psi_velocity,rotor_speed1,rotor_speed2,rotor_speed3,rotor_speed4,reward
0.0,0.0,0.0,0.0,0.0,0.0,0.0,0.0,0.0,0.0,0.0,0.0,0.0,0.0,0.0,0.0,426.90326,426.6395,427.10876,427.10135,0
0.06,3.934717545527069e-08,-1.2661772843092739e-09,0.002068865208549071,6.283183569057954,6.2831250818607,0.0,4.167373447420208e-06,-1.2680192298282637e-07,0.06895987835567596,0.00021418506991833887,-6.3447010129387915e-06,1.1492366256948272,-8.697430198136312e-05,-0.0030910533467515423,0.0,255.2037,253.00148,255.12573,255.83936,-14.999034533954507
