time,x,y,z,phi,theta,psi,x_velocity,y_velocity,z_velocity,x_accel,y_accel,z_accel,phi_velocity,theta_velocity,psi_velocity,rotor_speed1,rotor_speed2,rotor_speed3,rotor_speed4,reward
0.0,0.0,0.0,0.0,0.0,0.0,0.0,0.0,0.0,0.0,0.0,0.0,0.0,0.0,0.0,0.0,405.9252,405.74667,406.464,406.0708,0
0.06,2.411545309895685e-08,-4.737864589178091e-08,0.00018599852368743425,6.2831007905185565,6.283146178206771,0.0,2.4987303737301562e-06,-5.1616585131129085e-06,0.006199861118396061,0.00012711614528236958,-0.0002686777737540158,0.10332758566975066,-0.004386384622031005,-0.001989541170090751,0.0,203.1359,201.42958,202.97192,202.28014,-14.999913222553396
