time,x,y,z,phi,theta,psi,x_velocity,y_velocity,z_velocity,x_accel,y_accel,z_accel,phi_velocity,theta_velocity,psi_velocity,rotor_speed1,rotor_speed2,rotor_speed3,rotor_speed4,reward
0.0,0.0,0.0,0.0,0.0,0.0,0.0,0.0,0.0,0.0,0.0,0.0,0.0,0.0,0.0,0.0,428.90945,428.6459,429.07758,429.10916,0
0.06,3.9847572227446064e-08,5.573884803573553e-09,0.0022538601086631855,7.466054221083596e-06,6.283124853950106,0.0,4.2214242464952475e-06,5.539841442365758e-07,0.07512603093681602,0.00021698788791852842,2.76140988088093e-05,1.2519913238458429,0.0003721704930514611,-0.0031030703493834075,0.0,302.03394,300.3871,302.94824,303.61243,-14.998948203271024
