time,x,y,z,phi,theta,psi,x_velocity,y_velocity,z_velocity,x_accel,y_accel,z_accel,phi_velocity,theta_velocity,psi_velocity,rotor_speed1,rotor_speed2,rotor_speed3,rotor_speed4,reward
0.0,0.0,0.0,0.0,0.0,0.0,0.0,0.0,0.0,0.0,0.0,0.0,0.0,0.0,0.0,0.0,412.2452,412.0134,412.69455,412.4161,0
0.06,3.1847071558051676e-08,-3.734181075015835e-08,0.0007431538486460898,6.283123881327018,6.283133988978419,0.0,3.341028735817939e-06,-3.960185524530253e-06,0.024771298749644295,0.00017095947629121625,-0.0002036593874643731,0.4128352602794501,-0.0031543742686721992,-0.0026234012799236494,0.0,210.94882,209.14026,211.01396,210.3221,-14.999653214349308
