time,x,y,z,phi,theta,psi,x_velocity,y_velocity,z_velocity,x_accel,y_accel,z_accel,phi_velocity,theta_velocity,psi_velocity,rotor_speed1,rotor_speed2,rotor_speed3,rotor_speed4,reward
0.0,0.0,0.0,0.0,0.0,0.0,0.0,0.0,0.0,0.0,0.0,0.0,0.0,0.0,0.0,0.0,410.45956,410.23856,410.93033,410.62463,0
0.06,3.015801089987204e-08,-3.9898145477284697e-08,0.0005847178274851468,6.283118328824457,6.283136536701617,0.0,3.1554541656865335e-06,-4.257555732371792e-06,0.01949023471286329,0.0001612640351768099,-0.00021957131623467267,0.32482307445165126,-0.003448177531222897,-0.0024903378540575977,0.0,210.43991,208.57721,210.3546,209.64587,-14.999727151952872
