time,x,y,z,phi,theta,psi,x_velocity,y_velocity,z_velocity,x_accel,y_accel,z_accel,phi_velocity,theta_velocity,psi_velocity,rotor_speed1,rotor_speed2,rotor_speed3,rotor_speed4,reward
0.0,0.0,0.0,0.0,0.0,0.0,0.0,0.0,0.0,0.0,0.0,0.0,0.0,0.0,0.0,0.0,426.41196,426.14783,426.62433,426.60938,0
0.06,3.926482659886549e-08,-2.535046207835365e-09,0.0020236264176780373,6.283181808907049,6.283125068073305,0.0,4.158714223388198e-06,-2.542501516367255e-07,0.06745199933804061,0.0002137415002569511,-1.2731145853165995e-05,1.1241087064798383,-0.00017517975941912939,-0.003091780043754294,0.0,255.81711,253.60922,255.70674,256.4152,-14.999055646024441
