time,x,y,z,phi,theta,psi,x_velocity,y_velocity,z_velocity,x_accel,y_accel,z_accel,phi_velocity,theta_velocity,psi_velocity,rotor_speed1,rotor_speed2,rotor_speed3,rotor_speed4,reward
0.0,0.0,0.0,0.0,0.0,0.0,0.0,0.0,0.0,0.0,0.0,0.0,0.0,0.0,0.0,0.0,408.94928,408.74002,409.44193,409.10757,0
0.06,2.8427254447816842e-08,-4.251093385746082e-08,0.0004513485292979661,6.28311251202711,6.283139243516185,0.0,2.9660997868646573e-06,-4.566720178981631e-06,0.015044693510069027,0.0001513893478953072,-0.0002362266787799702,0.25073482653693235,-0.0037576113976322697,-0.002349301915191593,0.0,207.24704,205.38779,207.11316,206.44542,-14.999789391645654
