time,x,y,z,phi,theta,psi,x_velocity,y_velocity,z_velocity,x_accel,y_accel,z_accel,phi_velocity,theta_velocity,psi_velocity,rotor_speed1,rotor_speed2,rotor_speed3,rotor_speed4,reward
0.0,0.0,0.0,0.0,0.0,0.0,0.0,0.0,0.0,0.0,0.0,0.0,0.0,0.0,0.0,0.0,424.6535,424.38956,424.9,424.84778,0
0.06,3.878325440741527e-08,-8.58430976079488e-09,0.0018623712477251106,6.283173185760695,6.283125350511003,0.0,4.1064414731698625e-06,-8.673731818998759e-07,0.062077103504317596,0.00021102497446920152,-4.359221424050349e-05,1.0345387380988735,-0.0006091991794701442,-0.003076891570412712,0.0,248.71115,246.5257,248.6139,249.28711,-14.999130901068288
