time,x,y,z,phi,theta,psi,x_velocity,y_velocity,z_velocity,x_accel,y_accel,z_accel,phi_velocity,theta_velocity,psi_velocity,rotor_speed1,rotor_speed2,rotor_speed3,rotor_speed4,reward
0.0,0.0,0.0,0.0,0.0,0.0,0.0,0.0,0.0,0.0,0.0,0.0,0.0,0.0,0.0,0.0,405.90402,405.72235,406.43854,406.05115,0
0.06,2.4497016491515117e-08,-4.6826643131551855e-08,0.0001840077143565406,6.2831019947418625,6.283145503283087,0.0,2.539963653803462e-06,-5.093959482124635e-06,0.006133501889626301,0.00012925473280647184,-0.00026498035333046797,0.10222164060136017,-0.004321459503583216,-0.002024457020799413,0.0,202.63582,200.90565,202.47824,201.80685,-14.999914151536634
