time,x,y,z,phi,theta,psi,x_velocity,y_velocity,z_velocity,x_accel,y_accel,z_accel,phi_velocity,theta_velocity,psi_velocity,rotor_speed1,rotor_speed2,rotor_speed3,rotor_speed4,reward
0.0,0.0,0.0,0.0,0.0,0.0,0.0,0.0,0.0,0.0,0.0,0.0,0.0,0.0,0.0,0.0,422.7273,422.46442,423.00717,422.91895,0
0.06,3.815259853687411e-08,-1.4055003454591115e-08,0.001686440582426431,6.283164989240799,6.283125850613835,0.0,4.037464409817232e-06,-1.4305726245455512e-06,0.05621302991095728,0.00020742833439410708,-7.215543820443854e-05,0.9368160056339354,-0.0010247058656764024,-0.0030505389921074355,0.0,237.07864,234.99524,237.23096,237.68091,-14.999213004489766
