time,x,y,z,phi,theta,psi,x_velocity,y_velocity,z_velocity,x_accel,y_accel,z_accel,phi_velocity,theta_velocity,psi_velocity,rotor_speed1,rotor_speed2,rotor_speed3,rotor_speed4,reward
0.0,0.0,0.0,0.0,0.0,0.0,0.0,0.0,0.0,0.0,0.0,0.0,0.0,0.0,0.0,0.0,435.03717,434.93436,435.1507,435.32114,0
0.06,1.7683212483695648e-08,3.3536851494128614e-08,0.002831288597422834,4.1429769186862586e-05,6.28316099844567,0.0,1.806464261744668e-06,3.248740887246319e-06,0.09437242678852296,9.127678842161097e-05,0.0001598134378081524,1.57271291668968,0.0020370246877663683,-0.00122807612701735,0.0,331.33127,331.46375,332.4737,333.87283,-14.998678734063857
0.12000000000000001,5.683892011574252e-07,1.1676922303018627e-06,0.0027847021824459256,0.00044695342071143784,6.283111660588649,0.0,2.017322897266354e-05,5.09335755596667e-05,-0.09591872773817102,0.0004330773382138067,0.0015033028119240143,-3.1713443939697075,0.014836353695459412,-2.2762760624791135e-05,0.0,295.2299,295.0777,295.51495,297.05075,-14.996719439190453
