time,x,y,z,phi,theta,psi,x_velocity,y_velocity,z_velocity,x_accel,y_accel,z_accel,phi_velocity,theta_velocity,psi_velocity,rotor_speed1,rotor_speed2,rotor_speed3,rotor_speed4,reward
0.0,0.0,0.0,0.0,0.0,0.0,0.0,0.0,0.0,0.0,0.0,0.0,0.0,0.0,0.0,0.0,405.5925,405.41745,406.13632,405.73697,0
0.06,2.363099593292699e-08,-4.784454040865599e-08,0.00015693192148971414,6.2830995836560035,6.283146958896271,0.0,2.4466468147081087e-06,-5.220218394685986e-06,0.005230989904502908,0.00012442102127079068,-0.00027190502857980895,0.08718033436474626,-0.004451527990899796,-0.0019491798539272688,0.0,202.51682,200.83151,202.3617,201.66693,-14.999926787034383
