time,x,y,z,phi,theta,psi,x_velocity,y_velocity,z_velocity,x_accel,y_accel,z_accel,phi_velocity,theta_velocity,psi_velocity,rotor_speed1,rotor_speed2,rotor_speed3,rotor_speed4,reward
0.0,0.0,0.0,0.0,0.0,0.0,0.0,0.0,0.0,0.0,0.0,0.0,0.0,0.0,0.0,0.0,407.10974,406.9186,407.63193,407.26154,0
0.06,2.5869958782600834e-08,-4.5577688550267026e-08,0.0002897506101681215,6.283105292208223,6.283143346356944,0.0,2.688091200440166e-06,-4.938231084357332e-06,0.009658203984885316,0.00013693194307651035,-0.0002564231099511323,0.160964283614628,-0.004144064911185674,-0.0021361828552436506,0.0,201.43045,199.65187,201.31584,200.71342,-14.999864804626814
