time,x,y,z,phi,theta,psi,x_velocity,y_velocity,z_velocity,x_accel,y_accel,z_accel,phi_velocity,theta_velocity,psi_velocity,rotor_speed1,rotor_speed2,rotor_speed3,rotor_speed4,reward
0.0,0.0,0.0,0.0,0.0,0.0,0.0,0.0,0.0,0.0,0.0,0.0,0.0,0.0,0.0,0.0,403.92252,403.76675,404.48856,404.06393,0
0.06,2.097914851151565e-08,-4.957590872375827e-08,1.1421326728320737e-05,6.283094739347192,6.28315126020826,0.0,2.1629891535852606e-06,-5.442231701444318e-06,0.0003807002768886048,0.00010977631524010542,-0.0002842276057989282,0.006344605538195135,-0.0047136659448750225,-0.0017272821884214873,0.0,198.85858,197.26103,198.77097,198.0649,-14.999994691996285
