time,x,y,z,phi,theta,psi,x_velocity,y_velocity,z_velocity,x_accel,y_accel,z_accel,phi_velocity,theta_velocity,psi_velocity,rotor_speed1,rotor_speed2,rotor_speed3,rotor_speed4,reward
0.0,0.0,0.0,0.0,0.0,0.0,0.0,0.0,0.0,0.0,0.0,0.0,0.0,0.0,0.0,0.0,418.85086,418.5997,419.20798,419.0407,0
0.06,3.573784340607156e-08,-2.490965929759516e-08,0.0013353219886146808,6.283147425240102,6.283128943098202,0.0,3.7693063734864347e-06,-2.5778505779564955e-06,0.04450957781413927,0.00019335336949630373,-0.00013106464510274926,0.7417793929501637,-0.0019250861503259367,-0.0028878552811594667,0.0,225.93251,223.98167,226.03394,226.02548,-14.999376864166292
