time,x,y,z,phi,theta,psi,x_velocity,y_velocity,z_velocity,x_accel,y_accel,z_accel,phi_velocity,theta_velocity,psi_velocity,rotor_speed1,rotor_speed2,rotor_speed3,rotor_speed4,reward
0.0,0.0,0.0,0.0,0.0,0.0,0.0,0.0,0.0,0.0,0.0,0.0,0.0,0.0,0.0,0.0,426.1612,425.8968,426.38046,426.35764,0
0.06,3.923399352696148e-08,-3.848127430157326e-09,0.0020006179654953296,6.2831799741633425,6.28312504164445,0.0,4.155568557163788e-06,-3.865460037844186e-07,0.0666850914421902,0.00021358265796988043,-1.937063170843808e-05,1.1113286135515177,-0.00026726186395553496,-0.003093173285714819,0.0,255.44623,253.23389,255.31004,256.02576,-14.999066383827884
