time,x,y,z,phi,theta,psi,x_velocity,y_velocity,z_velocity,x_accel,y_accel,z_accel,phi_velocity,theta_velocity,psi_velocity,rotor_speed1,rotor_speed2,rotor_speed3,rotor_speed4,reward
0.0,0.0,0.0,0.0,0.0,0.0,0.0,0.0,0.0,0.0,0.0,0.0,0.0,0.0,0.0,0.0,432.9883,432.7795,433.09924,433.21857,0
0.06,3.3447441655388745e-08,2.259388941212815e-08,0.002634991289798456,2.872001643527966e-05,6.283136696596765,0.0,3.4990531500595915e-06,2.208930922321011e-06,0.08782962296809865,0.00017881038211599748,0.00010918509564375544,1.4636848353827658,0.001419295821036469,-0.0024820027886052025,0.0,325.2202,324.3364,326.01694,326.9782,-14.998770342513119
0.12000000000000001,1.1627230665737241e-06,7.652595594521962e-07,0.0017225826167469316,0.0002986147161871955,6.282840489159174,0.0,4.646337928606423e-05,3.295823728986092e-05,-0.11823848367433347,0.0012338987992488416,0.0009639712044066957,-3.4343762002203526,0.010036976835297216,-0.010363644446714795,0.0,287.46802,286.04022,287.22202,288.2357,-14.997352583747535
