time,x,y,z,phi,theta,psi,x_velocity,y_velocity,z_velocity,x_accel,y_accel,z_accel,phi_velocity,theta_velocity,psi_velocity,rotor_speed1,rotor_speed2,rotor_speed3,rotor_speed4,reward
0.0,0.0,0.0,0.0,0.0,0.0,0.0,0.0,0.0,0.0,0.0,0.0,0.0,0.0,0.0,0.0,413.74673,413.50757,414.17645,413.92044,0
0.06,3.3071899480725334e-08,-3.511389046164631e-08,0.0008768663456516858,6.283128507001496,6.283132210500888,0.0,3.4760178242688505e-06,-3.7052315868619514e-06,0.02922825362042979,0.00017802158811835046,-0.00019010764286053058,0.48711259226487097,-0.002910767078152565,-0.002716471517027347,0.0,218.78331,217.04172,218.82236,218.24202,-14.999590814392448
