time,x,y,z,phi,theta,psi,x_velocity,y_velocity,z_velocity,x_accel,y_accel,z_accel,phi_velocity,theta_velocity,psi_velocity,rotor_speed1,rotor_speed2,rotor_speed3,rotor_speed4,reward
0.0,0.0,0.0,0.0,0.0,0.0,0.0,0.0,0.0,0.0,0.0,0.0,0.0,0.0,0.0,0.0,420.23083,419.97546,420.56558,420.42325,0
0.06,3.659519317077913e-08,-2.1678649350453505e-08,0.0014601080176584978,6.283152889423256,6.283127837923836,0.0,3.8643225521759254e-06,-2.2316059748343345e-06,0.04866894345633288,0.0001983362084862466,-0.00011317382473644133,0.8110951274473226,-0.0016434884054397883,-0.0029459409810929397,0.0,225.73038,223.69951,225.86176,225.9867,-14.999318629362723
