time,x,y,z,phi,theta,psi,x_velocity,y_velocity,z_velocity,x_accel,y_accel,z_accel,phi_velocity,theta_velocity,psi_velocity,rotor_speed1,rotor_speed2,rotor_speed3,rotor_speed4,reward
0.0,0.0,0.0,0.0,0.0,0.0,0.0,0.0,0.0,0.0,0.0,0.0,0.0,0.0,0.0,0.0,417.9435,417.69363,418.31345,418.13156,0
0.06,3.536056651076404e-08,-2.6712163431610003e-08,0.001253417271154705,6.283144260272342,6.283129342155032,0.0,3.7279199913490446e-06,-2.7730680154820243e-06,0.0417795256285199,0.00019119258307426822,-0.00014119969258212682,0.6962828894333679,-0.002088819461102233,-0.0028668960647654836,0.0,226.31348,224.38904,226.38461,226.29366,-14.99941508718139
