time,x,y,z,phi,theta,psi,x_velocity,y_velocity,z_velocity,x_accel,y_accel,z_accel,phi_velocity,theta_velocity,psi_velocity,rotor_speed1,rotor_speed2,rotor_speed3,rotor_speed4,reward
0.0,0.0,0.0,0.0,0.0,0.0,0.0,0.0,0.0,0.0,0.0,0.0,0.0,0.0,0.0,0.0,411.09384,410.8709,411.56052,411.26068,0
0.06,3.05250671875769e-08,-3.9431147129833595e-08,0.0006410316404311634,6.283119477000643,6.283136047218498,0.0,3.195479038349437e-06,-4.202282603934774e-06,0.021367315150918192,0.0001633482599072655,-0.00021659332747052406,0.3561058598581698,-0.003387298396158811,-0.0025158789293955887,0.0,210.30473,208.44463,210.2682,209.55504,-14.999700871965654
