time,x,y,z,phi,theta,psi,x_velocity,y_velocity,z_velocity,x_accel,y_accel,z_accel,phi_velocity,theta_velocity,psi_velocity,rotor_speed1,rotor_speed2,rotor_speed3,rotor_speed4,reward
0.0,0.0,0.0,0.0,0.0,0.0,0.0,0.0,0.0,0.0,0.0,0.0,0.0,0.0,0.0,0.0,428.151,427.88693,428.3339,428.35013,0
0.06,3.97140593464403e-08,2.8287680792240277e-09,0.0021838256598375122,3.825137073754092e-06,6.283124842444781,0.0,4.2073328072101205e-06,2.8198366180737426e-07,0.07279168225172375,0.0002162648121746583,1.4076854437493e-05,1.2130911227793453,0.00019096432198488866,-0.0031036767788859346,0.0,298.91248,297.2044,299.85635,300.5086,-14.998980885602109
