time,x,y,z,phi,theta,psi,x_velocity,y_velocity,z_velocity,x_accel,y_accel,z_accel,phi_velocity,theta_velocity,psi_velocity,rotor_speed1,rotor_speed2,rotor_speed3,rotor_speed4,reward
0.0,0.0,0.0,0.0,0.0,0.0,0.0,0.0,0.0,0.0,0.0,0.0,0.0,0.0,0.0,0.0,430.1634,429.90143,430.31717,430.36374,0
0.06,3.997397674305779e-08,8.350724254907504e-09,0.0023701613936107967,1.1056253842234298e-05,6.283125037135505,0.0,4.233967378989604e-06,8.27585375073156e-07,0.07900251245770867,0.0002176126115665758,4.119209249321794e-05,1.3165897185534983,0.0005503213742132453,-0.003093412284858009,0.0,306.4653,304.88135,307.31357,308.0163,-14.998893929432867
