time,x,y,z,phi,theta,psi,x_velocity,y_velocity,z_velocity,x_accel,y_accel,z_accel,phi_velocity,theta_velocity,psi_velocity,rotor_speed1,rotor_speed2,rotor_speed3,rotor_speed4,reward
0.0,0.0,0.0,0.0,0.0,0.0,0.0,0.0,0.0,0.0,0.0,0.0,0.0,0.0,0.0,0.0,416.698,416.45242,417.09567,416.88098,0
0.06,3.453733838568343e-08,-3.0724199128070023e-08,0.0011415028116199682,6.283137151048209,6.283130442528094,0.0,3.6368547878959032e-06,-3.2126558053531194e-06,0.03804917997528956,0.00018642076312798417,-0.0001641386875813089,0.6341161132634865,-0.0024582993813560636,-0.0028091425638822444,0.0,222.19252,220.34988,222.2943,222.0014,-14.999467315410932
