time,x,y,z,phi,theta,psi,x_velocity,y_velocity,z_velocity,x_accel,y_accel,z_accel,phi_velocity,theta_velocity,psi_velocity,rotor_speed1,rotor_speed2,rotor_speed3,rotor_speed4,reward
0.0,0.0,0.0,0.0,0.0,0.0,0.0,0.0,0.0,0.0,0.0,0.0,0.0,0.0,0.0,0.0,407.34143,407.1472,407.8591,407.49466,0
0.06,2.6292502136938535e-08,-4.5066880133696836e-08,0.00031004171823445525,6.283106489594914,6.283142651905756,0.0,2.7339015419471317e-06,-4.875856125381913e-06,0.01033456167687907,0.00013931136030368853,-0.0002530220090694014,0.17223641571699325,-0.00407978796048032,-0.0021722003809700506,0.0,201.377,199.58934,201.2753,200.68077,-14.999855335357587
