time,x,y,z,phi,theta,psi,x_velocity,y_velocity,z_velocity,x_accel,y_accel,z_accel,phi_velocity,theta_velocity,psi_velocity,rotor_speed1,rotor_speed2,rotor_speed3,rotor_speed4,reward
0.0,0.0,0.0,0.0,0.0,0.0,0.0,0.0,0.0,0.0,0.0,0.0,0.0,0.0,0.0,0.0,418.4476,418.19705,418.81107,418.6365,0
0.06,3.556490224970806e-08,-2.582491413244823e-08,0.0012989110416433533,6.28314583861431,6.283129129484395,0.0,3.7503165353342577e-06,-2.6767566681405197e-06,0.04329592683945162,0.0001923614845257992,-0.00013619446477941842,0.7215538417469058,-0.0020071093202274825,-0.00287806497574374,0.0,226.05676,224.1152,226.1364,226.08748,-14.999393856338653
