time,x,y,z,phi,theta,psi,x_velocity,y_velocity,z_velocity,x_accel,y_accel,z_accel,phi_velocity,theta_velocity,psi_velocity,rotor_speed1,rotor_speed2,rotor_speed3,rotor_speed4,reward
0.0,0.0,0.0,0.0,0.0,0.0,0.0,0.0,0.0,0.0,0.0,0.0,0.0,0.0,0.0,0.0,415.62326,415.37967,416.0306,415.80417,0
0.06,3.4042400105441047e-08,-3.1965437147497856e-08,0.0010448918061900393,6.283134701206979,6.283131012138387,0.0,3.5825658127532515e-06,-3.3509509289199994e-06,0.034828924107058706,0.00018358643569289123,-0.0001714077268002553,0.5804497686282928,-0.0025861728638326637,-0.0027792691274420066,0.0,219.97424,218.14528,220.07632,219.70757,-14.999512401177697
