time,x,y,z,phi,theta,psi,x_velocity,y_velocity,z_velocity,x_accel,y_accel,z_accel,phi_velocity,theta_velocity,psi_velocity,rotor_speed1,rotor_speed2,rotor_speed3,rotor_speed4,reward
0.0,0.0,0.0,0.0,0.0,0.0,0.0,0.0,0.0,0.0,0.0,0.0,0.0,0.0,0.0,0.0,420.07834,419.82462,420.42096,420.26956,0
0.06,3.6354523057939926e-08,-2.2927272139718566e-08,0.0014464273838411994,6.283150867618913,6.283128219610603,0.0,3.837330300245111e-06,-2.3647419674922234e-06,0.04821294132541597,0.0001969134648735335,-0.00012003746721262035,0.8034958842505215,-0.0017475239296758575,-0.0029258737207243308,0.0,225.35701,223.36072,225.48042,225.56084,-14.999325014035303
