time,x,y,z,phi,theta,psi,x_velocity,y_velocity,z_velocity,x_accel,y_accel,z_accel,phi_velocity,theta_velocity,psi_velocity,rotor_speed1,rotor_speed2,rotor_speed3,rotor_speed4,reward
0.0,0.0,0.0,0.0,0.0,0.0,0.0,0.0,0.0,0.0,0.0,0.0,0.0,0.0,0.0,0.0,429.38422,429.1212,429.545,429.5843,0
0.06,3.990616252438535e-08,6.979928007038753e-09,0.0022978109119349732,9.301108776504918e-06,6.283124904726449,0.0,4.227396517688596e-06,6.927056726038613e-07,0.07659097261656919,0.0002172893325156813,3.450310542769272e-05,1.276403425103309,0.00046329413330092233,-0.0031003931507377494,0.0,304.12256,302.50647,305.01138,305.68826,-14.99892769304644
