time,x,y,z,phi,theta,psi,x_velocity,y_velocity,z_velocity,x_accel,y_accel,z_accel,phi_velocity,theta_velocity,psi_velocity,rotor_speed1,rotor_speed2,rotor_speed3,rotor_speed4,reward
0.0,0.0,0.0,0.0,0.0,0.0,0.0,0.0,0.0,0.0,0.0,0.0,0.0,0.0,0.0,0.0,405.55142,405.37994,406.1001,405.69516,0
0.06,2.3184191223328094e-08,-4.834623209697949e-08,0.00015349374537901485,6.283098439720574,6.283147732034141,0.0,2.3985617908068432e-06,-5.282488025786132e-06,0.005116385832715945,0.000121931656252193,-0.00027532102169151114,0.08527033608353142,-0.004513345427533425,-0.0019092366430119093,0.0,201.45897,199.7937,201.31755,200.62141,-14.999928391553016
