time,x,y,z,phi,theta,psi,x_velocity,y_velocity,z_velocity,x_accel,y_accel,z_accel,phi_velocity,theta_velocity,psi_velocity,rotor_speed1,rotor_speed2,rotor_speed3,rotor_speed4,reward
0.0,0.0,0.0,0.0,0.0,0.0,0.0,0.0,0.0,0.0,0.0,0.0,0.0,0.0,0.0,0.0,409.89554,409.68073,410.37866,410.05585,0
0.06,2.9291937573410172e-08,-4.157624663846096e-08,0.0005349365191443385,6.283114788212339,6.283137939125556,0.0,3.0604078685529695e-06,-4.454568854200115e-06,0.017830897253295872,0.00015630074620794727,-0.00023015204746885625,0.29716904287856355,-0.0036363239413509654,-0.002417222852553841,0.0,210.16753,208.28984,210.02655,209.33348,-14.99975038364935
