time,x,y,z,phi,theta,psi,x_velocity,y_velocity,z_velocity,x_accel,y_accel,z_accel,phi_velocity,theta_velocity,psi_velocity,rotor_speed1,rotor_speed2,rotor_speed3,rotor_speed4,reward
0.0,0.0,0.0,0.0,0.0,0.0,0.0,0.0,0.0,0.0,0.0,0.0,0.0,0.0,0.0,0.0,415.74234,415.4978,416.14502,415.9245,0
0.06,3.418509103038226e-08,-3.125348357065269e-08,0.0010555095853839577,6.283135982326636,6.283130791102879,0.0,3.5984274326131245e-06,-3.2719528390901644e-06,0.03518283818802966,0.00018441932987002868,-0.00016726275400513063,0.5863478458486511,-0.002519267134353211,-0.002790859484616789,0.0,220.81985,218.98349,220.91974,220.59023,-14.999507445991789
