time,x,y,z,phi,theta,psi,x_velocity,y_velocity,z_velocity,x_accel,y_accel,z_accel,phi_velocity,theta_velocity,psi_velocity,rotor_speed1,rotor_speed2,rotor_speed3,rotor_speed4,reward
0.0,0.0,0.0,0.0,0.0,0.0,0.0,0.0,0.0,0.0,0.0,0.0,0.0,0.0,0.0,0.0,408.86966,408.66306,409.36725,409.02667,0
0.06,2.8089688127738496e-08,-4.312971510698038e-08,0.00044443954304766064,6.283111214842904,6.283139824977372,0.0,2.9291404066940214e-06,-4.640212262091947e-06,0.014814398932185682,0.00014946131018270538,-0.00024019163188944504,0.24689678214937455,-0.0038268496825334007,-0.002319050495568089,0.0,206.39488,204.5515,206.26907,205.6217,-14.999792615954583
