time,x,y,z,phi,theta,psi,x_velocity,y_velocity,z_velocity,x_accel,y_accel,z_accel,phi_velocity,theta_velocity,psi_velocity,rotor_speed1,rotor_speed2,rotor_speed3,rotor_speed4,reward
0.0,0.0,0.0,0.0,0.0,0.0,0.0,0.0,0.0,0.0,0.0,0.0,0.0,0.0,0.0,0.0,417.4947,417.2454,417.87067,417.68152,0
0.06,3.518142623348662e-08,-2.7587363821709558e-08,0.0012129528917312633,6.283142696044063,6.283129527330486,0.0,3.7082990277355406e-06,-2.8684147378860137e-06,0.040430763237294234,0.000190168861496449,-0.00014616269578717714,0.6738056015454446,-0.0021699128307058344,-0.002857172905266806,0.0,225.7126,223.80075,225.77481,225.63571,-14.999433970953397
