time,x,y,z,phi,theta,psi,x_velocity,y_velocity,z_velocity,x_accel,y_accel,z_accel,phi_velocity,theta_velocity,psi_velocity,rotor_speed1,rotor_speed2,rotor_speed3,rotor_speed4,reward
0.0,0.0,0.0,0.0,0.0,0.0,0.0,0.0,0.0,0.0,0.0,0.0,0.0,0.0,0.0,0.0,421.7869,421.5248,422.08017,421.97885,0
0.06,3.781367224667393e-08,-1.5929447521087016e-08,0.0016008143136698218,6.283162054980895,6.283126153851022,0.0,4.000277680305867e-06,-1.6257186406626083e-06,0.05335895070704689,0.0002054866454062552,-8.21052792469781e-05,0.8892534507463353,-0.0011741656649099602,-0.0030345661277034345,0.0,232.5915,230.48927,232.78142,233.13211,-14.999252964333545
