time,x,y,z,phi,theta,psi,x_velocity,y_velocity,z_velocity,x_accel,y_accel,z_accel,phi_velocity,theta_velocity,psi_velocity,rotor_speed1,rotor_speed2,rotor_speed3,rotor_speed4,reward
0.0,0.0,0.0,0.0,0.0,0.0,0.0,0.0,0.0,0.0,0.0,0.0,0.0,0.0,0.0,0.0,413.16153,412.924,413.59592,413.33466,0
0.06,3.273978317822253e-08,-3.558860084334835e-08,0.0008246132901607853,6.283127451503342,6.283132640742561,0.0,3.4395493799370856e-06,-3.75959708166383e-06,0.02748653668553786,0.0001761167455497251,-0.0001929982790164164,0.4580860897775994,-0.002966262310888878,-0.002693942442610632,0.0,216.89911,215.14197,216.94029,216.32466,-14.999615199384781
