time,x,y,z,phi,theta,psi,x_velocity,y_velocity,z_velocity,x_accel,y_accel,z_accel,phi_velocity,theta_velocity,psi_velocity,rotor_speed1,rotor_speed2,rotor_speed3,rotor_speed4,reward
0.0,0.0,0.0,0.0,0.0,0.0,0.0,0.0,0.0,0.0,0.0,0.0,0.0,0.0,0.0,0.0,423.76367,423.49957,424.023,423.95636,0
0.06,3.857138419737244e-08,-1.0811346444827468e-08,0.0017809168970900336,6.283169888609418,6.283125439215857,0.0,4.083612823637008e-06,-1.0955832006610982e-06,0.05936209156976084,0.00020984250127934452,-5.514037393751368e-05,0.9892941267243714,-0.0007759914758132712,-0.0030722162638987956,0.0,243.78598,241.64291,243.77962,244.38945,-14.999168914169662
