time,x,y,z,phi,theta,psi,x_velocity,y_velocity,z_velocity,x_accel,y_accel,z_accel,phi_velocity,theta_velocity,psi_velocity,rotor_speed1,rotor_speed2,rotor_speed3,rotor_speed4,reward
0.0,0.0,0.0,0.0,0.0,0.0,0.0,0.0,0.0,0.0,0.0,0.0,0.0,0.0,0.0,0.0,412.67862,412.44473,413.123,412.85043,0
0.06,3.2193688111037334e-08,-3.67784977984504e-08,0.0007817186983866744,6.2831250850858,6.283133486849922,0.0,3.379170002371257e-06,-3.895301869507536e-06,0.026056757942004433,0.00017295352990025095,-0.00020020139571693917,0.4342581194364799,-0.003090879006044064,-0.0026496630728915505,0.0,212.86871,211.07658,212.92946,212.2622,-14.999635217217804
