time,x,y,z,phi,theta,psi,x_velocity,y_velocity,z_velocity,x_accel,y_accel,z_accel,phi_velocity,theta_velocity,psi_velocity,rotor_speed1,rotor_speed2,rotor_speed3,rotor_speed4,reward
0.0,0.0,0.0,0.0,0.0,0.0,0.0,0.0,0.0,0.0,0.0,0.0,0.0,0.0,0.0,0.0,403.8979,403.74594,404.46814,404.03897,0
0.06,2.050085628894006e-08,-4.996794357829743e-08,9.435666120261776e-06,6.283093814531835,6.283152084038601,0.0,2.111997619166439e-06,-5.491759250640995e-06,0.00031451201005977016,0.00010714768071513276,-0.000286962084852331,0.0052414835866690344,-0.004763867321434447,-0.00168487926613024,0.0,198.34404,196.76761,198.27725,197.56311,-14.999995618624443
