time,x,y,z,phi,theta,psi,x_velocity,y_velocity,z_velocity,x_accel,y_accel,z_accel,phi_velocity,theta_velocity,psi_velocity,rotor_speed1,rotor_speed2,rotor_speed3,rotor_speed4,reward
0.0,0.0,0.0,0.0,0.0,0.0,0.0,0.0,0.0,0.0,0.0,0.0,0.0,0.0,0.0,0.0,413.2383,413.00256,413.67758,413.41083,0
0.06,3.254409468978456e-08,-3.6248780369222216e-08,0.0008316170310644682,6.283126255559349,6.28313301466601,0.0,3.4176451885615626e-06,-3.834304220565418e-06,0.027719987906861913,0.0001749631524176558,-0.00019695086561935082,0.46197666480004906,-0.003029207339392035,-0.00267436975329254,0.0,215.7531,213.98463,215.80667,215.15773,-14.999611931096803
