time,x,y,z,phi,theta,psi,x_velocity,y_velocity,z_velocity,x_accel,y_accel,z_accel,phi_velocity,theta_velocity,psi_velocity,rotor_speed1,rotor_speed2,rotor_speed3,rotor_speed4,reward
0.0,0.0,0.0,0.0,0.0,0.0,0.0,0.0,0.0,0.0,0.0,0.0,0.0,0.0,0.0,0.0,411.7473,411.51782,412.20105,411.9171,0
0.06,3.145782517035124e-08,-3.783495529774408e-08,0.0006988691202717144,6.283122776102896,6.283134550964263,0.0,3.298254744808045e-06,-4.0173760177354774e-06,0.023295181023057318,0.00016872454293472526,-0.00020671581308580054,0.3882349223073157,-0.003212734541324693,-0.002594023135889588,0.0,209.12979,207.3071,209.2003,208.48439,-14.999673880737225
