time,x,y,z,phi,theta,psi,x_velocity,y_velocity,z_velocity,x_accel,y_accel,z_accel,phi_velocity,theta_velocity,psi_velocity,rotor_speed1,rotor_speed2,rotor_speed3,rotor_speed4,reward
0.0,0.0,0.0,0.0,0.0,0.0,0.0,0.0,0.0,0.0,0.0,0.0,0.0,0.0,0.0,0.0,419.98532,419.7285,420.31262,420.17902,0
0.06,3.671379173758547e-08,-2.0405728412245192e-08,0.0014376065855746802,6.2831548691622725,6.283127549634962,0.0,3.878052391839779e-06,-2.0966038536791894e-06,0.04791892690028523,0.00019906945004401972,-0.0001062309679953262,0.7985961518993712,-0.0015417967393164748,-0.002961102398074211,0.0,225.5663,223.48633,225.69832,225.88141,-14.999329129784956
