time,x,y,z,phi,theta,psi,x_velocity,y_velocity,z_velocity,x_accel,y_accel,z_accel,phi_velocity,theta_velocity,psi_velocity,rotor_speed1,rotor_speed2,rotor_speed3,rotor_speed4,reward
0.0,0.0,0.0,0.0,0.0,0.0,0.0,0.0,0.0,0.0,0.0,0.0,0.0,0.0,0.0,0.0,421.53616,421.2761,421.8433,421.7295,0
0.06,3.7501904680376194e-08,-1.774806853812704e-08,0.0015783216880365617,6.283159237134026,6.283126630625267,0.0,3.96524243304698e-06,-1.8160572910112296e-06,0.05260922979362567,0.000203638420777583,-9.183412548052461e-05,0.8767594937720694,-0.0013180541419852837,-0.0030094617248398636,0.0,229.51108,227.37308,229.67632,229.95851,-14.999263461466999
