time,x,y,z,phi,theta,psi,x_velocity,y_velocity,z_velocity,x_accel,y_accel,z_accel,phi_velocity,theta_velocity,psi_velocity,rotor_speed1,rotor_speed2,rotor_speed3,rotor_speed4,reward
0.0,0.0,0.0,0.0,0.0,0.0,0.0,0.0,0.0,0.0,0.0,0.0,0.0,0.0,0.0,0.0,414.6055,414.36353,415.02188,414.78342,0
0.06,3.360883409402284e-08,-3.321285185944447e-08,0.0009536001087455948,6.283132203244385,6.283131493090146,0.0,3.5351339200846754e-06,-3.49085940968449e-06,0.031785966679000265,0.00018111295877129354,-0.00017878232607772553,0.5297378966327145,-0.002716851975476967,-0.0027540575333599307,0.0,219.48969,217.71495,219.5865,219.12129,-14.999555004583216
