time,x,y,z,phi,theta,psi,x_velocity,y_velocity,z_velocity,x_accel,y_accel,z_accel,phi_velocity,theta_velocity,psi_velocity,rotor_speed1,rotor_speed2,rotor_speed3,rotor_speed4,reward
0.0,0.0,0.0,0.0,0.0,0.0,0.0,0.0,0.0,0.0,0.0,0.0,0.0,0.0,0.0,0.0,422.32477,422.06232,422.6113,422.51654,0
0.06,3.799648384828855e-08,-1.500356742826788e-08,0.0016497888300752474,6.283163519553149,6.2831259997735,0.0,4.020290907654894e-06,-1.5291689927143417e-06,0.05499136097075468,0.00020653060845339573,-7.717875588290592e-05,0.9164572077130495,-0.0010995186574032974,-0.003042681541521673,0.0,234.84428,232.75533,235.02829,235.42683,-14.999230109076906
