time,x,y,z,phi,theta,psi,x_velocity,y_velocity,z_velocity,x_accel,y_accel,z_accel,phi_velocity,theta_velocity,psi_velocity,rotor_speed1,rotor_speed2,rotor_speed3,rotor_speed4,reward
0.0,0.0,0.0,0.0,0.0,0.0,0.0,0.0,0.0,0.0,0.0,0.0,0.0,0.0,0.0,0.0,411.7029,411.47577,412.16098,411.8719,0
0.06,3.1164968886280925e-08,-3.8402702907020536e-08,0.0006950417626696606,6.283121678492295,6.283135064470766,0.0,3.2658001602740197e-06,-4.0826237380326404e-06,0.02316760582163989,0.00016702258980484918,-0.0002101900230848967,0.38610880662122143,-0.0032707523422363417,-0.002567192523708185,0.0,208.48164,206.64331,208.54053,207.81267,-14.999675666940117
