time,x,y,z,phi,theta,psi,x_velocity,y_velocity,z_velocity,x_accel,y_accel,z_accel,phi_velocity,theta_velocity,psi_velocity,rotor_speed1,rotor_speed2,rotor_speed3,rotor_speed4,reward
0.0,0.0,0.0,0.0,0.0,0.0,0.0,0.0,0.0,0.0,0.0,0.0,0.0,0.0,0.0,0.0,404.53372,404.36606,405.08694,404.6767,0
0.06,2.2546577499305985e-08,-4.8494188671872256e-08,6.44094153930245e-05,6.283097557148023,6.28314864533816,0.0,2.33050969716944e-06,-5.304521064248557e-06,0.002146952037535634,0.00011842178353944304,-0.0002766036081389611,0.0357814570229057,-0.0045610856343587716,-0.0018620870934938393,0.0,200.83911,199.19125,200.69998,200.00264,-14.999969964268667
