time,x,y,z,phi,theta,psi,x_velocity,y_velocity,z_velocity,x_accel,y_accel,z_accel,phi_velocity,theta_velocity,psi_velocity,rotor_speed1,rotor_speed2,rotor_speed3,rotor_speed4,reward
0.0,0.0,0.0,0.0,0.0,0.0,0.0,0.0,0.0,0.0,0.0,0.0,0.0,0.0,0.0,0.0,423.57285,423.30936,423.84598,423.7648,0
0.06,3.844650217352939e-08,-1.3054778298161191e-08,0.0017637298892744827,6.283166562880574,6.283125600108237,0.0,4.069677183829644e-06,-1.3268732430418462e-06,0.05878921882587701,0.0002091095333533999,-6.687854748273548e-05,0.9797474020394632,-0.0009447065885586664,-0.0030637376502665606,0.0,239.65652,237.55882,239.7559,240.25876,-14.999176935512489
