time,x,y,z,phi,theta,psi,x_velocity,y_velocity,z_velocity,x_accel,y_accel,z_accel,phi_velocity,theta_velocity,psi_velocity,rotor_speed1,rotor_speed2,rotor_speed3,rotor_speed4,reward
0.0,0.0,0.0,0.0,0.0,0.0,0.0,0.0,0.0,0.0,0.0,0.0,0.0,0.0,0.0,0.0,416.7888,416.54208,417.1813,416.97266,0
0.06,3.4696386772035604e-08,-2.99738887686837e-08,0.0011495719024583822,6.283138469096961,6.283130184687563,0.0,3.654606893309415e-06,-3.1299551809317245e-06,0.038318140119873424,0.00018735455006811712,-0.0001598119166481701,0.6385983870448728,-0.0023896189441298408,-0.0028226701313637335,0.0,223.00078,221.14975,223.09604,222.83455,-14.999463549615353
