time,x,y,z,phi,theta,psi,x_velocity,y_velocity,z_velocity,x_accel,y_accel,z_accel,phi_velocity,theta_velocity,psi_velocity,rotor_speed1,rotor_speed2,rotor_speed3,rotor_speed4,reward
0.0,0.0,0.0,0.0,0.0,0.0,0.0,0.0,0.0,0.0,0.0,0.0,0.0,0.0,0.0,0.0,420.76944,420.51163,421.09018,420.96356,0
0.06,3.703020445623257e-08,-1.9514007277918595e-08,0.001508800614885451,6.283156388656055,6.2831272301545305,0.0,3.912825688561339e-06,-2.0020989562587354e-06,0.05029196140557207,0.00020088641550151904,-0.00010137240352460868,0.8381425624561349,-0.0014638660764888381,-0.0029779092421049606,0.0,227.12273,225.008,227.26216,227.48619,-14.999295905380118
