time,x,y,z,phi,theta,psi,x_velocity,y_velocity,z_velocity,x_accel,y_accel,z_accel,phi_velocity,theta_velocity,psi_velocity,rotor_speed1,rotor_speed2,rotor_speed3,rotor_speed4,reward
0.0,0.0,0.0,0.0,0.0,0.0,0.0,0.0,0.0,0.0,0.0,0.0,0.0,0.0,0.0,0.0,423.67398,423.4103,423.9402,423.86627,0
0.06,3.8495204838193835e-08,-1.19385502323441e-08,0.0017728486094643128,6.283168223968897,6.28312554582056,0.0,4.0750737177849704e-06,-1.2116095881209584e-06,0.05909316159085097,0.00020939251673838814,-6.1024343528211625e-05,0.9848125033898149,-0.0008603789819922568,-0.0030665983413935187,0.0,241.64508,239.5253,241.70355,242.25673,-14.999172679734286
