time,x,y,z,phi,theta,psi,x_velocity,y_velocity,z_velocity,x_accel,y_accel,z_accel,phi_velocity,theta_velocity,psi_velocity,rotor_speed1,rotor_speed2,rotor_speed3,rotor_speed4,reward
0.0,0.0,0.0,0.0,0.0,0.0,0.0,0.0,0.0,0.0,0.0,0.0,0.0,0.0,0.0,0.0,404.2548,404.09503,404.81656,404.39655,0
0.06,2.152607060162697e-08,-4.927878846999199e-08,4.031985542616231e-05,6.283095611672579,6.283150371115015,0.0,2.221288807831339e-06,-5.403609684205831e-06,0.0013439760093447346,0.000112781484083283,-0.0002820737551404573,0.022398877174336206,-0.004666426030971067,-0.0017730979575583756,0.0,200.05486,198.43864,199.94669,199.24416,-14.999981206049345
