time,x,y,z,phi,theta,psi,x_velocity,y_velocity,z_velocity,x_accel,y_accel,z_accel,phi_velocity,theta_velocity,psi_velocity,rotor_speed1,rotor_speed2,rotor_speed3,rotor_speed4,reward
0.0,0.0,0.0,0.0,0.0,0.0,0.0,0.0,0.0,0.0,0.0,0.0,0.0,0.0,0.0,0.0,411.35724,411.1323,411.81967,411.52536,0
0.06,3.0824852695386513e-08,-3.8892173361561295e-08,0.0006643710830340926,6.283120615181955,6.283135580734978,0.0,3.228424574153817e-06,-4.139561132181161e-06,0.022145276613170995,0.00016506971132306997,-0.0002132366515096838,0.3690710745478085,-0.0033270136156396185,-0.0025402303720620063,0.0,209.0301,207.17,209.04947,208.32596,-14.999689980072748
