time,x,y,z,phi,theta,psi,x_velocity,y_velocity,z_velocity,x_accel,y_accel,z_accel,phi_velocity,theta_velocity,psi_velocity,rotor_speed1,rotor_speed2,rotor_speed3,rotor_speed4,reward
0.0,0.0,0.0,0.0,0.0,0.0,0.0,0.0,0.0,0.0,0.0,0.0,0.0,0.0,0.0,0.0,419.0202,418.76794,419.37054,419.2107,0
0.06,3.591386811807423e-08,-2.39251385180455e-08,0.0013505157588536148,6.283149064414793,6.283128680402163,0.0,3.788940059143767e-06,-2.4719917214732624e-06,0.045016016841339664,0.00019438583414059694,-0.00012558653281538091,0.7502192120674217,-0.0018404677941964297,-0.002901656645606515,0.0,224.7617,222.80194,224.88664,224.91808,-14.999369773419494
