time,x,y,z,phi,theta,psi,x_velocity,y_velocity,z_velocity,x_accel,y_accel,z_accel,phi_velocity,theta_velocity,psi_velocity,rotor_speed1,rotor_speed2,rotor_speed3,rotor_speed4,reward
0.0,0.0,0.0,0.0,0.0,0.0,0.0,0.0,0.0,0.0,0.0,0.0,0.0,0.0,0.0,0.0,410.403,410.18384,410.87784,410.56628,0
0.06,2.992515019408328e-08,-4.05166383635259e-08,0.000579783849443838,6.283117092662193,6.283136938692934,0.0,3.12978925149837e-06,-4.329616968888448e-06,0.019325772764856242,0.0001599213183771696,-0.00022342967675781884,0.32208220303005186,-0.0035137954564539806,-0.0024693706698143505,0.0,210.88039,209.00954,210.76497,210.05988,-14.999729454617961
