time,x,y,z,phi,theta,psi,x_velocity,y_velocity,z_velocity,x_accel,y_accel,z_accel,phi_velocity,theta_velocity,psi_velocity,rotor_speed1,rotor_speed2,rotor_speed3,rotor_speed4,reward
0.0,0.0,0.0,0.0,0.0,0.0,0.0,0.0,0.0,0.0,0.0,0.0,0.0,0.0,0.0,0.0,428.57175,428.3079,428.74722,428.77112,0
0.06,3.9797681890782534e-08,4.191205016874389e-09,0.002222676005539563,5.6395742067394394e-06,6.283124832232048,0.0,4.216239027289832e-06,4.1717819468393744e-07,0.07408662043080241,0.00021672372231978107,2.081035205910934e-05,1.2346703310752865,0.00028133582984599164,-0.0031042154358309534,0.0,300.20773,298.52902,301.14206,301.80045,-14.998962755624927
