time,x,y,z,phi,theta,psi,x_velocity,y_velocity,z_velocity,x_accel,y_accel,z_accel,phi_velocity,theta_velocity,psi_velocity,rotor_speed1,rotor_speed2,rotor_speed3,rotor_speed4,reward
0.0,0.0,0.0,0.0,0.0,0.0,0.0,0.0,0.0,0.0,0.0,0.0,0.0,0.0,0.0,0.0,425.2135,424.94946,425.45364,425.40848,0
0.06,3.894056562808985e-08,-7.480646830349441e-09,0.0019137490264931221,6.283174801335928,6.28312525323533,0.0,4.1235358583255265e-06,-7.547905446914097e-07,0.06378960991313351,0.00021191377530418981,-3.7907673775982125e-05,1.0630768882963537,-0.0005276431378941405,-0.003082018923315259,0.0,251.0658,248.86128,250.94272,251.62308,-14.999106924188293
